[
{"type":"header","version":"4.9.0.1","comment":"Export to JSON plugin for PHPMyAdmin"},
{"type":"database","name":"a0226780_neg"},
{"type":"table","name":"posts","database":"a0226780_neg","data":
[
{"pk":"7","heading":"Test1","post_text":"testing for posts","author":"maestro (1)"}
]
}
,{"type":"table","name":"user","database":"a0226780_neg","data":
[
{"pk":"1","username":"maestro","password":"$2y$10$dziq0f00CFkGvtV6SwGoquisTaoHA6c\/YueGaZNIdWpvNQs8aYU3u","mail":"revaz.gh@gmail.com","user_desc":null,"img":"default.png","status":"notactive","reg_date":"2020-01-21 12:06:30"}
]
}
]
